Workbook

Sheet Tesla
A1: Date | B1: open | C1: high | D1: low | E1: close | F1: volume
A2: 45397 | B2: 170.24 | C2: 170.69 | D2: 161.38 | E2: 161.48 | F2: 100245310
A3: 45398 | B3: 156.742 | C3: 158.19 | D3: 153.75 | E3: 157.11 | F3: 96999956
A4: 45399 | B4: 157.64 | C4: 158.33 | D4: 153.78 | E4: 155.45 | F4: 82439718
A5: 45400 | B5: 151.25 | C5: 152.2 | D5: 148.7 | E5: 149.93 | F5: 96098830
A6: 45401 | B6: 148.97 | C6: 150.94 | D6: 146.22 | E6: 147.05 | F6: 87074500
A7: 45404 | B7: 140.56 | C7: 144.44 | D7: 138.8025 | E7: 142.05 | F7: 107097564
A8: 45405 | B8: 143.33 | C8: 147.26 | D8: 141.11 | E8: 144.68 | F8: 124545104
A9: 45406 | B9: 162.84 | C9: 167.97 | D9: 157.51 | E9: 162.13 | F9: 181178020
A10: 45407 | B10: 158.96 | C10: 170.88 | D10: 158.36 | E10: 170.18 | F10: 126427521
A11: 45408 | B11: 168.85 | C11: 172.12 | D11: 166.37 | E11: 168.29 | F11: 109815725
A12: 45411 | B12: 188.42 | C12: 198.87 | D12: 184.54 | E12: 194.05 | F12: 243869678
A13: 45412 | B13: 186.98 | C13: 190.95 | D13: 182.8401 | E13: 183.28 | F13: 127031787
... A251: 45758 | B251: 251.84 | C251: 257.74 | D251: 241.3629 | E251: 252.31 | F251: 128948085
H252: Average Close Price | I252: =AVERAGE(query?function_TIME_SERIES_DAILY_symbol_TSLA_outputsize_full_apikey_GZI7H5RJGQTL[close]) -> 267.07756
H253: Total Volume | I253: =SUM(query?function_TIME_SERIES_DAILY_symbol_TSLA_outputsize_full_apikey_GZI7H5RJGQTL[volume]) -> 24013127097
H254: Price Change (%) | I254: =(E251-E2)/E2 -> 0.56248452
H255: Max High | I255: =MAX(query?function_TIME_SERIES_DAILY_symbol_TSLA_outputsize_full_apikey_GZI7H5RJGQTL[close]) -> 479.86
H256: Min Low | I256: =MIN(query?function_TIME_SERIES_DAILY_symbol_TSLA_outputsize_full_apikey_GZI7H5RJGQTL[close]) -> 142.05

Sheet Apple
A1: Date | B1: open | C1: high | D1: low | E1: close | F1: volume
A2: 45397 | B2: 175.36 | C2: 176.63 | D2: 172.5 | E2: 172.69 | F2: 73531773
A3: 45398 | B3: 171.75 | C3: 173.76 | D3: 168.27 | E3: 169.38 | F3: 73711235
A4: 45399 | B4: 169.61 | C4: 170.65 | D4: 168 | E4: 168 | F4: 50901210
A5: 45400 | B5: 168.03 | C5: 168.64 | D5: 166.55 | E5: 167.04 | F5: 43122903
A6: 45401 | B6: 166.21 | C6: 166.4 | D6: 164.075 | E6: 165 | F6: 68149377
A7: 45404 | B7: 165.515 | C7: 167.26 | D7: 164.77 | E7: 165.84 | F7: 48116443
A8: 45405 | B8: 165.35 | C8: 167.05 | D8: 164.92 | E8: 166.9 | F8: 49537761
A9: 45406 | B9: 166.54 | C9: 169.3 | D9: 166.21 | E9: 169.02 | F9: 48251835
A10: 45407 | B10: 169.525 | C10: 170.61 | D10: 168.1511 | E10: 169.89 | F10: 50558329
A11: 45408 | B11: 169.88 | C11: 171.34 | D11: 169.18 | E11: 169.3 | F11: 44838354
A12: 45411 | B12: 173.37 | C12: 176.03 | D12: 173.1 | E12: 173.5 | F12: 68169419
A13: 45412 | B13: 173.33 | C13: 174.99 | D13: 170 | E13: 170.33 | F13: 65934776
... A251: 45758 | B251: 186.1 | C251: 199.54 | D251: 186.06 | E251: 198.15 | F251: 87435915
H252: Average Close Price | I252: =AVERAGE(E2:E251) -> 220.40016
H253: Total Volume | I253: =SUM(F2:F251) -> 14207452338
H254: Price Change (%) | I254: =(E251-E2)/E2 -> 0.14743181
H255: Max High | I255: =MAX(E2:E251) -> 259.02
H256: Min Low | I256: =MIN(E2:E251) -> 165

Sheet btc-usd-max
A1: Date | B1: closing_price | C1: Market_Cap | D1: total_volume
A2: 2024-04-15 00:00:00 UTC | B2: 65752.66 | C2: 1293286386553 | D2: 40292911693
A3: 2024-04-16 00:00:00 UTC | B3: 63430.571 | C3: 1247928896841 | D3: 42796604938
A4: 2024-04-17 00:00:00 UTC | B4: 63720.502 | C4: 1253670904297 | D4: 42157169474
A5: 2024-04-18 00:00:00 UTC | B5: 61328.898 | C5: 1207185042484 | D5: 41123362076
A6: 2024-04-19 00:00:00 UTC | B6: 63461.593 | C6: 1249565911947 | D6: 35901618166
A7: 2024-04-20 00:00:00 UTC | B7: 63988.818 | C7: 1263308149914 | D7: 52227787324
A8: 2024-04-21 00:00:00 UTC | B8: 64894.419 | C8: 1277940837360 | D8: 16601830591
A9: 2024-04-22 00:00:00 UTC | B9: 64936.421 | C9: 1279763566407 | D9: 19592118541
A10: 2024-04-23 00:00:00 UTC | B10: 66841.667 | C10: 1317058642854 | D10: 27748586313
A11: 2024-04-24 00:00:00 UTC | B11: 66406.952 | C11: 1306843409278 | D11: 23232230785
A12: 2024-04-25 00:00:00 UTC | B12: 64279.518 | C12: 1265541377861 | D12: 30939903322
A13: 2024-04-26 00:00:00 UTC | B13: 64486.183 | C13: 1269387456068 | D13: 24705345526
... A364: 2025-04-12 00:00:00 UTC | B364: 83439.288 | C364: 1655868880454 | D364: 39813566444
E366: Average Close Price | F366: =AVERAGE(B2:B364) -> 76265.767
E367: Total Volume | F367: =SUM(D2:D364) -> 15269189008061
E368: Price Change (%) | F368: =(B364-B2)/B2 -> 0.26898726
E369: Max High | F369: =MAX(B2:B364) -> 106182.24
E370: Min Low | F370: =MIN(B2:B364) -> 53923.356

Sheet eth-usd-max
A1: Date | B1: closing_price | C1: Market_Cap | D1: total_volume
A2: 2024-04-15 00:00:00 UTC | B2: 3157.6838 | C2: 3.7941978e+11 | D2: 2.6426482e+10
A3: 2024-04-16 00:00:00 UTC | B3: 3101.1907 | C3: 3.722497e+11 | D3: 2.3408069e+10
A4: 2024-04-17 00:00:00 UTC | B4: 3083.706 | C4: 3.7023413e+11 | D4: 1.9716139e+10
A5: 2024-04-18 00:00:00 UTC | B5: 2982.6157 | C5: 3.581579e+11 | D5: 1.8555884e+10
A6: 2024-04-19 00:00:00 UTC | B6: 3064.9116 | C6: 3.6839477e+11 | D6: 1.5776619e+10
A7: 2024-04-20 00:00:00 UTC | B7: 3065.6826 | C7: 3.6892495e+11 | D7: 2.139817e+10
A8: 2024-04-21 00:00:00 UTC | B8: 3152.1915 | C8: 3.7860148e+11 | D8: 9.2456047e+09
A9: 2024-04-22 00:00:00 UTC | B9: 3147.1378 | C9: 3.7783527e+11 | D9: 9.2642133e+09
A10: 2024-04-23 00:00:00 UTC | B10: 3199.7696 | C10: 3.8446691e+11 | D10: 1.210134e+10
A11: 2024-04-24 00:00:00 UTC | B11: 3218.9673 | C11: 3.9277511e+11 | D11: 1.1111254e+10
A12: 2024-04-25 00:00:00 UTC | B12: 3138.8144 | C12: 3.8306856e+11 | D12: 1.4931663e+10
A13: 2024-04-26 00:00:00 UTC | B13: 3157.6193 | C13: 3.853605e+11 | D13: 1.4827151e+10
... A364: 2025-04-12 00:00:00 UTC | B364: 1568.1317 | C364: 1.8918566e+11 | D364: 1.4195085e+10
E366: Average Close Price | F366: =AVERAGE(B2:B364) -> 2930.2082
E367: Total Volume | F367: =SUM(D2:D364) -> 7.7256061e+12
E368: Price Change (%) | F368: =(B364-B2)/B2 -> -0.50339179
E369: Max High | F369: =MAX(B2:B364) -> 4015.782
E370: Min Low | F370: =MIN(B2:B364) -> 1471.3609

Sheet Dashboard
A1: Market Dashboard: Stocks vs Crypto (1-Year View)
A6: Asset | B6: Avg Price | C6: % Change | D6: Total Volume | E6: High | F6: Low
A7: Tesla | B7: =Tesla!I252 -> 267.07756 | C7: =Tesla!I254 -> 0.56248452 | D7: =Tesla!I253 -> 24013127097 | E7: =Tesla!I255 -> 479.86 | F7: =Tesla!I256 -> 142.05
A8: Apple | B8: =Apple!I252 -> 220.40016 | C8: =Apple!I254 -> 0.14743181 | D8: =Apple!I253 -> 14207452338 | E8: =Apple!I255 -> 259.02 | F8: =Apple!I256 -> 165
A9: Bitcoin (BTC) | B9: ='btc-usd-max'!F366 -> 76265.767 | C9: ='btc-usd-max'!F368 -> 0.26898726 | D9: ='btc-usd-max'!F367 -> 15269189008061 | E9: ='btc-usd-max'!F369 -> 106182.24 | F9: ='btc-usd-max'!F370 -> 53923.356
A10: Ethereum(ETH) | B10: ='eth-usd-max'!F366 -> 2930.2082 | C10: ='eth-usd-max'!F368 -> -0.50339179 | D10: ='eth-usd-max'!F367 -> 7.7256061e+12 | E10: ='eth-usd-max'!F369 -> 4015.782 | F10: ='eth-usd-max'!F370 -> 1471.3609
